{
  "train_loss": [
    0.1383836005246166,
    0.07498211537349955,
    0.0560822092040378,
    0.049816987353683,
    0.04711922438267201,
    0.02971958070544783,
    0.03639649343929028,
    0.031049177071393975,
    0.02072817774580721,
    0.025258044614952516,
    0.017790240682585886,
    0.012304283137221414,
    0.007090866492156759,
    0.004898602179467421,
    0.005173265272062204,
    0.005148843837661765,
    0.004903592195052743,
    0.005237334696540276,
    0.0038029611553969064,
    0.003076904471986759
  ],
  "train_acc": [
    0.9503610108303249,
    0.9720216606498195,
    0.9783393501805054,
    0.9810469314079422,
    0.9844314079422383,
    0.9898465703971119,
    0.9864620938628159,
    0.9896209386281588,
    0.9923285198555957,
    0.9907490974729242,
    0.9936823104693141,
    0.9952617328519856,
    0.9986462093862816,
    0.9984205776173285,
    0.9981949458483754,
    0.9977436823104693,
    0.9984205776173285,
    0.9986462093862816,
    0.9993231046931408,
    0.9990974729241877
  ],
  "val_loss": [
    0.15664370502440297,
    0.09890492370694268,
    0.09994124738043364,
    0.10652767339001448,
    0.057265614854927385,
    0.040643697255291045,
    0.042539786635327856,
    0.04538187149874106,
    0.060940383442877125,
    0.07172836016683022,
    0.04850120857662084,
    0.05654878534937315,
    0.041504850530609656,
    0.04345241140536204,
    0.04924670039742653,
    0.04973860355527663,
    0.04569266256947564,
    0.04212423245664876,
    0.047602603314307816,
    0.04796553956646453
  ],
  "val_acc": [
    0.9528061224489796,
    0.9719387755102041,
    0.9681122448979592,
    0.9591836734693877,
    0.9770408163265306,
    0.9846938775510204,
    0.9910714285714286,
    0.9846938775510204,
    0.9808673469387755,
    0.9808673469387755,
    0.985969387755102,
    0.9808673469387755,
    0.9872448979591837,
    0.9846938775510204,
    0.985969387755102,
    0.985969387755102,
    0.9872448979591837,
    0.9897959183673469,
    0.9872448979591837,
    0.9846938775510204
  ],
  "val_precision": [
    0.9927667269439421,
    0.9946996466431095,
    1.0,
    0.9508196721311475,
    0.9747474747474747,
    0.988013698630137,
    1.0,
    0.9947916666666666,
    1.0,
    1.0,
    0.9965217391304347,
    0.9913344887348353,
    0.9914089347079038,
    0.988013698630137,
    0.9948006932409013,
    0.9897084048027445,
    0.9982578397212544,
    0.9965397923875432,
    0.9880546075085325,
    0.9896907216494846
  ],
  "val_recall": [
    0.9432989690721649,
    0.9673539518900344,
    0.9570446735395189,
    0.9965635738831615,
    0.9948453608247423,
    0.9914089347079038,
    0.9879725085910653,
    0.9845360824742269,
    0.9742268041237113,
    0.9742268041237113,
    0.9845360824742269,
    0.9828178694158075,
    0.9914089347079038,
    0.9914089347079038,
    0.9862542955326461,
    0.9914089347079038,
    0.9845360824742269,
    0.9896907216494846,
    0.9948453608247423,
    0.9896907216494846
  ],
  "val_f1": [
    0.9674008810572687,
    0.980836236933798,
    0.9780509218612818,
    0.9731543624161074,
    0.9846938775510204,
    0.9897084048027445,
    0.9939498703543648,
    0.9896373056994818,
    0.9869451697127938,
    0.9869451697127938,
    0.9904926534140017,
    0.9870578084555651,
    0.9914089347079038,
    0.9897084048027445,
    0.9905090595340811,
    0.9905579399141631,
    0.9913494809688581,
    0.993103448275862,
    0.9914383561643836,
    0.9896907216494846
  ],
  "val_auc": [
    0.992846449593413,
    0.9961722976421354,
    0.9968187540403525,
    0.9968953080875098,
    0.997992582763431,
    0.9983923650096969,
    0.9983413289782587,
    0.9984689190568541,
    0.9985284610935321,
    0.9980181007791501,
    0.9980861488210676,
    0.9979840767581913,
    0.9985114490830527,
    0.9985284610935321,
    0.9983158109625396,
    0.9982222449049029,
    0.9983668469939778,
    0.9985794971249702,
    0.9985454731040114,
    0.9984348950358953
  ],
  "learning_rates": [
    0.0001,
    0.0001,
    0.0001,
    0.0001,
    0.0001,
    0.0001,
    0.0001,
    0.0001,
    0.0001,
    0.0001,
    5e-05,
    5e-05,
    5e-05,
    5e-05,
    2.5e-05,
    2.5e-05,
    2.5e-05,
    2.5e-05,
    1.25e-05,
    1.25e-05
  ]
}