{
  "accuracy": 0.8157051282051282,
  "precision": 0.7755511022044088,
  "recall": 0.9923076923076923,
  "f1": 0.8706411698537683,
  "auc": 0.9487179487179488,
  "confusion_matrix": [
    [
      122,
      112
    ],
    [
      3,
      387
    ]
  ]
}